시군별,연도별,1월,2월,3월,4월,5월,6월,7월,8월,9월,10월,11월,12월
춘천시,1993,10,49.1,22.5,83.5,184.9,170.7,318.4,199.9,45.7,13.8,49.5,13
원주시,1993,11.4,67.4,48.2,53.5,129.9,130.6,342.3,237.2,108.4,36.2,77.4,20
강릉시,1993,85.1,65.3,62.3,94,119.2,167.3,334.5,424,36.6,26.9,110.6,29.3
동해시,1993,66.8,61.1,48.8,69.9,83.5,156.7,303,462.4,42.1,28.5,81.2,26.3
태백시,1993,16,77.5,56,60.7,104.3,187,337.8,598.5,61.5,31.1,59.3,11.1
속초시,1993,79,89.4,37.7,95.8,111.3,192.3,286.1,329.4,46.4,16,106.4,15.1
삼척시,1993,94.6,79.5,66,84,83,187,343,542,48,36.5,84.5,23
홍천군,1993,11,58,34,100.5,153.5,206,381,208,58,20,52.3,14.3
횡성군,1993,11.4,67.4,48.2,53.5,129.9,130.6,342.3,237.2,108.4,36.2,77.4,20
영월군,1993,216,63.9,18.6,40,134.8,142.4,338.8,338.5,80.6,28.4,70.2,
평창군,1993,105.6,108.3,126.4,148.5,175.8,283.4,502.6,632,70,39.7,127.8,33.5
정선군,1993,25.5,57.2,21.6,63.5,124.2,140.4,344.5,323.5,69.5,38.5,52,10.7
철원군,1993,5.3,41.6,15.2,68,163.1,215.1,276.8,137.7,72.2,19.5,65.3,15.9
화천군,1993,11.9,21.5,7,63,152,168,268,141.6,82,18,51,15
양구군,1993,16.2,41.7,15.4,62.4,143.4,148.4,245.2,143.9,81.3,17.3,48.6,14
인제군,1993,15.5,44.1,17,70.6,180,154.5,263,200.5,56,15,37.5,17
고성군,1993,79,89.4,37.7,95.8,111.3,192.3,286.1,329.4,46.4,16,106.4,15.5
양양군,1993,79,89.4,37.7,95.8,111.3,192.3,286.1,329.4,46.4,16,106.4,15.5
춘천시,1994,10.2,4.6,21.7,35,130.6,99.9,128.5,248.5,59.9,137.3,45.5,9.2
원주시,1994,9.9,7.1,37.2,19.4,98,152.9,141.3,378.9,58.3,173.4,30.3,19.6
강릉시,1994,88.9,49.2,11.1,24.3,85,104.1,92.4,156.1,68.6,306.7,149.2,11.1
동해시,1994,70.7,28.9,6.6,10.2,50.6,100.7,34.8,80.7,55.1,355.5,101.7,5.1
태백시,1994,14.3,10,30.4,26.5,115.2,167.8,109.3,291.3,46.1,214.5,27.5,5.6
속초시,1994,71.7,43.4,4.2,25.3,94.8,69.3,86.6,236.9,37.8,280.1,143.2,15.9
삼척시,1994,87.6,18.3,11,7.5,55,102,49,69,72,489.5,115,8.5
홍천군,1994,10.4,4.2,18.5,24,126.5,124.5,123,297.5,71,183.5,35.5,13.8
횡성군,1994,9.9,7.1,37.2,19.4,98,152.9,141.3,378.9,58.3,173.4,30.3,19.6
영월군,1994,3,3,33,23,68,236,139,254,45,154,12,28
평창군,1994,16.8,9,30.3,32.5,27.5,164,220.2,314.6,65.5,177,14,10
정선군,1994,10.8,9.5,26.2,24,107,162,168.6,219.6,39.5,171,13.5,5.8
철원군,1994,10.2,10.2,30.1,32.5,136.7,63.1,191.9,391.1,58.7,153.1,38.9,21.2
화천군,1994,3,6,12,36,148,73,137,270,58,142,30,10
양구군,1994,13.3,5.1,12.1,42.4,121.2,96.2,175.7,224.8,66.5,128.9,34.5,12.8
인제군,1994,8.8,3.5,10.6,28,101.5,90.5,129,183,43,118,34,10
고성군,1994,71.7,43.4,4.2,25.3,94.8,69.3,86.6,236.9,37.8,280.1,143.2,15.9
양양군,1994,,,,,,,,,,,,
춘천시,1995,8.4,7.6,53.5,43,45.9,54.2,453.9,774.7,74.2,25.8,47.7,4.5
원주시,1995,11.5,2.9,45.6,43.3,49.3,36.6,303.2,696.3,55.2,37.5,31.7,4.4
강릉시,1995,15.9,38.6,104.6,42.7,32.7,113,169.6,327.6,80.4,9.6,17.6,10.4
동해시,1995,12,55.5,77,31.1,19.1,84.4,133.5,258.1,51.4,10.3,12.2,10.2
태백시,1995,13.6,13.3,83.3,55.5,37,84.8,215.7,472.3,62.5,32,22.6,2.6
속초시,1995,11,45,110.4,27.3,18.1,107,176.6,441.7,142.7,6.4,8.8,2.5
삼척시,1995,10,48.2,111.5,32,23.5,62.5,153,243,40.5,14,40,9
홍천군,1995,10.4,5.3,57.3,44.5,48,64,394,822.5,80.5,20,49.1,2.4
횡성군,1995,11.5,2.9,45.6,43.3,49.3,36.6,303.2,696.3,55.2,37.5,31.7,4.4
영월군,1995,13.4,9.4,42.6,55,45.2,71.9,221.3,524.5,64.3,32.7,23.3,3.9
평창군,1995,17.2,12,58,67.5,55.5,64.5,349.5,549.7,87,20.5,29.7,5
정선군,1995,13.4,9.4,42.6,55,45.2,71.9,221.3,524.5,64.3,32.7,23.3,3.9
철원군,1995,8,12.6,65.3,21.6,45.4,60.6,365.9,770.1,115.1,18.9,44,6.9
화천군,1995,7,13,62,36,48,73,278,867,65,13,42,3
양구군,1995,5.7,11.4,71.7,54.3,39.2,56.7,309,921.8,45.6,14.5,47.8,3
인제군,1995,5.5,7.6,42.2,35.5,24.5,43.5,330.5,781,61.5,23,43.5,4
고성군,1995,11,45,110.4,24.3,18.1,107,176,441.7,142.7,6.4,8.8,2.5
양양군,1995,19,36,115,93,6,57,204,437,141,5,6,2.5
춘천시,1996,17.5,5.3,70.4,54.2,23.3,236.1,545.7,74.3,35.7,64.8,45,13.4
원주시,1996,24.2,7,83.2,47,19.7,235.5,283.7,203.7,21.6,64.1,45.8,17.6
강릉시,1996,37.9,92.2,107.3,58.1,17.6,279,193.9,220.2,32.7,139.3,82,22.5
동해시,1996,17.1,67.5,75.1,41.5,19,168.9,148.2,191.9,51.1,77.1,61.2,17.5
태백시,1996,32.3,8.1,105.8,56.9,34.7,210.5,224.5,154.5,34.5,59.6,49,16.3
속초시,1996,23.5,114.2,75.1,64.9,20.2,356.5,189.4,200,42,77.7,66,20.1
삼척시,1996,17.1,67.5,75.1,41.5,19,168.9,148.2,191.9,51.1,77.1,61.2,17.5
홍천군,1996,21.4,3.6,69.8,49,23.5,251,385,130.5,7.5,67.5,29.8,18.2
횡성군,1996,24.2,7,83.2,47,19.7,235.5,287.3,203.7,21.6,64.1,45.8,17.6
영월군,1996,35.5,13.7,98.2,42.5,38,151.3,250.5,114.1,16.8,66.7,53.2,22.8
평창군,1996,35.8,73.8,134.6,78,30.8,297.2,273.2,233.5,53.2,118.3,83.6,27.1
정선군,1996,33.5,29,98.5,64.4,41.2,148.5,211.3,122,9,54.5,32.5,24
철원군,1996,20.7,2.3,58.8,48.6,62.1,227.2,745.5,78.1,8.1,56.6,58.8,7.9
화천군,1996,15.4,1.2,57.8,61,34,285,730.5,174.1,14,59.1,60,9.7
양구군,1996,24.7,0.4,49.8,63.4,21,210.5,559.4,69.3,34.5,29.7,51.7,13.3
인제군,1996,20.5,2,57.3,50,24.5,169,433.5,67,6,39.5,42.3,15.4
고성군,1996,23.5,114.2,75.1,64.9,20.2,356.5,189.4,200,42,77.7,66,20.1
양양군,1996,23.5,114.2,75.1,64.9,20.2,356.5,189.4,200,42,77.7,66,20.1
춘천시,1997,18.5,31.7,16.3,32.3,281.9,110.7,241.3,155.4,127.9,29.5,94.6,35.6
원주시,1997,18.1,38.4,22.8,59.1,183.1,185.2,385.7,272.7,97,20.1,112.5,43.1
강릉시,1997,44.9,48.9,45.6,49.6,239.6,101,143.9,143.4,179.6,3.9,186.4,87.1
동해시,1997,14.2,22.2,33.1,31.4,161.6,75.4,125.9,120.4,154,7.9,157.5,57.7
태백시,1997,21.2,40.8,43.5,63.5,207,113,295.5,232,122,13.5,170,38.2
속초시,1997,59.9,34.4,43.6,45.4,355.6,113,73.3,60.3,322.4,39.7,153.9,101
삼척시,1997,14.2,22.2,33.1,31.4,161.6,75.4,125.9,120.4,154,7.9,157.5,57.7
홍천군,1997,14.2,29.3,16.5,38.5,289.5,141.5,319.5,119.5,118,23.5,93,32.2
횡성군,1997,18.1,38.4,22.8,59.1,183.1,185.2,385.7,272.7,97,20.1,112.5,43.1
영월군,1997,13.3,38.4,22.4,58.5,197.8,123.8,359.4,203.3,69.2,13.2,105.6,36.7
평창군,1997,79.8,43.3,93.7,80.7,311.6,138.7,217.1,224.7,264.4,8.8,218.4,79.3
정선군,1997,36.1,30.5,26.9,53.9,219,121.6,277.5,170.5,133,4.5,110,38
철원군,1997,30.8,33.4,21.2,39.9,274.8,82.3,224.9,201.3,143.9,40,68.2,32.1
화천군,1997,21,30.3,20.2,39,347.6,198.7,242.4,122.4,118,19.5,93.3,25.1
양구군,1997,25.6,26.8,15,39.3,320.9,168.5,245.1,102.2,158.6,23.6,102.9,22.7
인제군,1997,30.9,24.2,10.9,35,328,218.5,244,116.5,273.5,30,83,26
고성군,1997,59.9,43.6,43.6,45.4,355.6,113,73.3,60.3,322.4,39.7,153.9,101
양양군,1997,59.9,43.6,43.6,45.4,355.6,113,73.3,60.3,322.4,39.7,153.9,101
춘천시,1998,13.4,34.1,32.4,131.6,92.2,183.3,366,663.9,83.5,36.2,67.1,3.9
원주시,1998,16.7,36.9,38.9,111.5,85,196.1,276.7,491.3,113.5,43.2,37.4,3.6
강릉시,1998,114.4,85.5,16.3,120.3,49.8,215.7,501.1,268.2,250.9,125,63.2,35.3
동해시,1998,56.5,52.6,16.2,93.2,48.4,156.9,429.3,207.1,230.5,96.8,28.5,32.5
태백시,1998,93.7,57.8,26,162,113,186.5,259,340.5,240.5,87,32.6,7.9
속초시,1998,47.6,69,12.6,101.2,67.2,199,550.6,376.5,175,81.9,65.6,51.5
삼척시,1998,56.5,52.6,16.2,93.2,48.4,156.9,429.3,207.1,230.5,96.8,28.5,32.5
홍천군,1998,8.1,31.5,36,117.5,76.5,194,359,680.5,114.5,33,45.5,2.2
횡성군,1998,16.7,36.9,38.9,111.5,85,196.1,276.7,491.3,113.5,43.2,37.4,3.6
영월군,1998,13.5,42.9,25.7,131.1,69.7,172.6,250.1,504.1,97.1,57.9,39.6,3.7
평창군,1998,196.6,92.4,22,187.8,102.2,474.7,770.8,443.6,411.3,185.5,95.9,15.5
정선군,1998,21.5,52.2,24.5,113,46,201.2,245,476.5,84.5,68,24.5,4
철원군,1998,13.9,38.6,45.5,134.6,141.4,184.1,339.9,539.2,115.4,33.5,63.7,3
화천군,1998,8.6,29.8,37.5,119,173.1,227,437.5,457,97.5,31,47.8,3.5
양구군,1998,2.2,32.2,29.1,125,101.8,166.8,291.8,477.2,128.3,27.3,50.4,0.2
인제군,1998,8.2,28,23.5,116,79.5,134,297.5,566,104.5,33.5,57.6,2.8
고성군,1998,47.6,69,12.6,101.2,67.2,199,550.6,376.5,175,81.9,65.6,51.5
양양군,1998,47.6,69,12.6,101.2,67.2,199,550.6,376.5,175,81.9,65.6,51.5
춘천시,1999,5.6,1.3,47.2,75,103.8,93.4,226.1,563,348.3,93.1,19.3,10.8
원주시,1999,6,1.5,75.4,97.5,104,159,368.8,264.4,385.2,118.5,24.1,10.5
강릉시,1999,2.8,8.4,100.8,150.2,211,100.1,110.7,462,477.7,91,108.4,2.4
동해시,1999,1,6.4,78.8,130,147,108.2,103.6,384.9,502.2,61.5,66.7,0
태백시,1999,3.3,6.4,78.2,119.5,115.5,179.5,147.5,435.4,462.5,87,25,6.6
속초시,1999,1.1,4.2,55.8,158.5,167.6,78.8,152.1,515.2,431.4,76.6,78.3,2.4
삼척시,1999,1,6.4,78.8,130,147,108.2,103.6,384.9,502.2,61.5,66.7,0
홍천군,1999,3.8,2.4,49.2,100,113.5,101.5,250,381.5,451,141,14.5,16.4
횡성군,1999,6,1.5,75.4,97.5,104,159,368,264.4,385.2,118.5,24.1,10.5
영월군,1999,4.7,6.5,57.2,94.8,98.7,142.4,176,352.5,271.8,124.8,20.4,10.8
평창군,1999,5.5,7.9,134.4,145.9,250.4,136.3,160,523.9,598.6,129,93,14.2
정선군,1999,4.7,6.5,57.2,94.8,98.7,142.4,176,352.5,271.8,124.8,20.4,10.8
철원군,1999,13.2,1.2,48.1,45.8,81.2,66.3,482.6,567.5,244.2,90.5,28.3,10.7
화천군,1999,5,0,41,72,84.5,78,472.5,662,281.5,84,15.5,6.8
양구군,1999,5.4,8,36.5,88,82.5,116.5,390.5,680.5,345.5,97.5,16.5,1
인제군,1999,2.2,1.9,44.5,88.8,75.1,81.4,244.6,595.1,298,85.7,8.8,11
고성군,1999,1.1,4.2,55.8,158.5,167.6,78.8,152.1,515.2,431.4,76.6,78.3,2.4
양양군,1999,1.1,4.2,55.8,158.5,167.6,78.8,152.1,515.2,431.4,76.6,78.3,2.4
춘천시,2000,46.6,4,14.3,15.3,80.1,113.2,182.2,494,127.4,16.9,25.4,35.5
원주시,2000,37.1,5.7,10.8,39.2,61.4,155.2,336,298.7,215.8,15.8,27.6,25.3
강릉시,2000,66.3,3.3,15.9,37.1,47.6,114.3,86.4,214.1,407.7,13.8,97.1,5.6
동해시,2000,139.6,2.5,16.7,40.9,63.8,105.7,72.4,175.3,484.7,12.3,60,1.5
태백시,2000,34.4,2.2,16.3,53.5,80.5,115.5,99.5,290.5,469,18.5,26.5,3
속초시,2000,90.2,8.4,8.7,23.4,71,175.7,109.2,440.3,347.2,7,58.3,5.8
삼척시,2000,139.6,2.5,16.7,40.9,63.8,105.7,72.4,175.3,484.7,12.3,60,1.5
홍천군,2000,48.1,10.2,11.5,31,95,158,183.5,389.5,185.1,17,30.5,25
횡성군,2000,37.1,5.7,10.8,39.2,61.4,155.2,336,298.7,215.8,15.8,27.6,25.3
영월군,2000,37.8,3.2,21.9,52.8,53.5,141.8,180.3,246.5,256.9,21.1,30.2,14.8
평창군,2000,56.3,18.3,14.1,51.9,75.2,168.4,153.4,348,571.8,23.8,61.3,16.9
정선군,2000,35.5,4.5,25.5,43,91.5,107,241,364.5,261.5,1,38,20
철원군,2000,51.8,8,10,34.3,85.9,116.9,115,479.6,163,16.8,17.4,26.5
화천군,2000,35.2,7.5,10.5,27.5,72.7,87,155,490.3,155,14.5,26,27.3
양구군,2000,14.1,2.9,15.7,38.1,92.8,106.3,141.9,385.2,102.5,8.2,14.6,5.4
인제군,2000,32.8,5.8,11.5,31.5,113,89,204,392,149.5,17.5,24,31
고성군,2000,90.2,8.4,8.7,23.4,71,175.7,109.2,440.3,347.2,7,58.3,5.8
양양군,2000,90.2,8.4,8.7,23.4,71,175.7,109.2,440.3,347.2,7,58.3,5.8
춘천시,2001,32.8,30.5,14.8,13.6,12.3,178,520,193,8.9,72.6,12.3,18.5
원주시,2001,35.4,53,20.6,22.8,37.8,192,236.8,56.9,28.5,70.1,7.3,14.5
강릉시,2001,101,97.6,25.5,18.9,25.4,121.3,122.9,81.2,273.2,195.1,34.4,21.1
동해시,2001,68.4,54.9,17.2,7.5,22.5,127.8,124.9,67.3,320.9,200.4,62.3,18.7
태백시,2001,37.2,58.2,23.5,20,27,182.5,179,40.5,131,112.5,15.5,23
속초시,2001,37.6,64.4,20.8,14.1,7.2,126.6,233.3,56.9,311.5,234.9,36.7,20.2
삼척시,2001,68.4,54.9,17.2,7.5,22.5,127.8,124.9,67.3,320.6,200.4,62.3,18.7
홍천군,2001,37.9,43.2,12.5,16.5,18.5,197.5,601,98,26.5,75.5,0.5,8.3
횡성군,2001,35.4,53,20.6,22.8,37.8,192,236.8,56.9,28.5,70.1,7.3,14.5
영월군,2001,37.8,3.2,21.9,52.8,53.5,141.8,180.3,246.5,256.9,21.1,30.2,14.8
평창군,2001,125.2,117.8,48,43.5,33.6,184.1,204.5,109.5,353.1,264.8,32.3,35.3
정선군,2001,47.5,55,23,25,3.5,187.5,126,89,68,87,5,14.5
철원군,2001,27.3,16.2,11.4,12,13.7,224.5,603.3,229.4,10.8,93.6,20.4,15
화천군,2001,30.2,25.7,14.5,12.5,9,227,644,127,3,70.8,10.5,14.4
양구군,2001,7.1,18.2,15.7,13.4,5.4,304.6,493.3,172.7,19.1,83.2,13,15.2
인제군,2001,16.4,19.9,14.2,16,16,217.5,380,48.5,45.5,62,10,14.5
고성군,2001,37.6,64.4,20.8,4.1,7.2,126.6,233.3,56.9,311.5,234.9,36.7,20.2
양양군,2001,37.6,64.4,20.8,14.1,7.2,126.6,233.3,56.9,311.5,234.9,36.7,20.2
춘천시,2002,62.2,4.6,36.7,143.8,55.6,79.6,214.6,413.2,55,70.3,14.3,27.8
원주시,2002,54.7,4.1,31.7,168.3,87.7,90.9,207.1,606.4,75,116.8,7.5,31.5
강릉시,2002,78,0,25.6,50.5,78.8,33.3,224.7,1137,128.5,180,0.4,129.4
동해시,2002,85.1,0.1,20.6,68.2,105.4,33.3,261.5,689,120,159,0,90.6
태백시,2002,42.6,0.5,37.2,124,156,65,265.5,811,105,108,8.5,57
속초시,2002,87.1,0.6,14.1,58.5,78.2,66.5,301.4,531.2,225.9,42.8,4,140
삼척시,2002,85.1,0.1,20.6,68.2,105.4,33.3,261.5,689,120,159,0,90.6
홍천군,2002,44.5,1.5,28.7,148,78,62,276.5,578,58,65.5,4.5,20.3
횡성군,2002,54.7,4.1,31.7,168.3,87.7,90.9,207.1,606.4,75,116.8,7.5,31.5
영월군,2002,35.2,2,21.8,149.4,90,85.9,189.8,677.4,63.1,36.4,7.1,48.1
평창군,2002,86,3.3,40.3,105.5,204.5,138.8,366.5,1236.4,159.7,210.6,9.2,136.8
정선군,2002,35.5,3,23.5,164.5,139,70.5,192,708.5,69,35,5,49
철원군,2002,51.9,3.2,37,159.7,47.6,66.5,249.6,532.6,38.5,60.8,11.1,30.8
화천군,2002,47.4,2.5,36.5,120.5,62,108,219,504.5,11.5,25,10.5,19.5
양구군,2002,50.8,2.2,36.8,127.3,57.5,84,228.8,470.1,47.7,62.1,7.7,25
인제군,2002,60.8,3.5,36,121.5,56.5,97,192.5,507.5,45.5,65,7.5,49.9
고성군,2002,87.1,0.6,14.1,58.5,78.2,66.5,301.4,531.2,225.9,42.8,4,140
양양군,2002,87.1,0.6,14.1,58.5,78.2,66.5,301.4,531.2,225.9,42.8,4,140
춘천시,2003,15.9,36,27.3,147,125.5,121.9,340.9,632.7,313,33.1,66,6.5
원주시,2003,12,48.6,41,170,110.6,163.9,402.1,347.8,344.4,38.6,53.6,12.4
강릉시,2003,60.2,90.7,81,200,149.8,157.3,223.1,284.3,532,58.5,251.5,7
동해시,2003,81.5,69,61.1,162,136,162,196.9,254.4,399.8,43.2,219,8.5
태백시,2003,23.7,62.9,55.6,205,149,181,289,242,391,33.5,106,13.8
속초시,2003,34.2,63,56.8,136.1,111.5,132.1,258,349.2,425.4,51.6,278.2,1.8
삼척시,2003,81.5,69,61.1,162,136,162,196.9,254.4,399.8,432,219,8.5
홍천군,2003,13.7,43,37,186,153,148,426,464.5,393,35,66,9
횡성군,2003,12,48.6,41,170,110.6,163.9,402.1,347.8,344.4,38.6,53.6,12.4
영월군,2003,14.6,45.3,38,178.5,137.1,150.8,277.2,239.6,267,25,58.6,18
평창군,2003,52.1,103.9,102.9,232.7,202.6,197.2,364.4,373.1,745,96.6,205.2,9.7
정선군,2003,11,49.5,38,241.5,190,214,423,445,486,33.5,62.5,14
철원군,2003,8.7,16.2,18.6,101.7,62.7,123.1,243.4,647.8,154.9,28.2,54,0.9
화천군,2003,17.7,26.2,18,137,103,135,341.5,728,259.5,23,67.5,2
양구군,2003,14.9,26.5,17.6,140.8,95.7,115.2,251,669,255,32,59.8,2.6
인제군,2003,27,30.2,25,142,114.5,103.5,267,610.5,283,33.5,64,5.7
고성군,2003,34.2,63,56.8,136.1,111.5,132.1,258,349.2,425.4,51.6,278.2,1.8
양양군,2003,34.2,63,56.8,136.1,111.5,132.1,258,349.2,425.4,51.6,278.2,1.8
춘천시,2004,10.9,58.8,20.4,59.7,135,106,532,216,194,1.8,43,27.2
원주시,2004,12.5,33.1,30.8,61.2,108.1,247.9,368.1,319.6,179.5,1,41,22.5
강릉시,2004,12.1,12.9,7.6,163.6,54.1,224.5,404.1,503.4,181.4,18.9,9.9,11.8
동해시,2004,33.5,6.6,15.5,102.5,44.1,313.8,279.5,424.1,167.4,28,5.1,7.1
태백시,2004,11.1,29.4,28,99.5,79.5,306.5,310,299.5,160,8,24,12.7
속초시,2004,25,26.7,1.8,104.4,46.7,99.7,554,460.3,200.1,16.9,39.5,12.2
삼척시,2004,13.2,8.1,10,110.2,51.6,288.9,311.1,453.1,179.7,32.7,8.4,11.9
홍천군,2004,16,62.5,17,81,180,161,583,165.5,207,3,47,34
횡성군,2004,12.5,33.1,30.8,61.2,108.1,247.9,368.1,319.6,179.5,1,41,22.5
영월군,2004,11.1,30.3,40.3,59,112.3,322.1,351,220.5,144.9,0.5,26.5,21
평창군,2004,8.4,37.7,12.7,109.8,82.6,281.7,480,544.4,214.8,5,25.3,13.1
정선군,2004,0.1,1.5,0.9,2.8,3.6,9.9,11.8,8.7,4.8,,0.5,0.4
철원군,2004,10.9,83.7,27.6,76,126.2,100.4,449,84.3,208.9,14.1,48,20.5
화천군,2004,5.4,60.2,13.6,72.2,119.4,84.8,495,193,216.4,4.2,49,17.2
양구군,2004,6.7,74.1,15.5,70,106,133.5,461.2,226.5,240.5,6,43.5,12
인제군,2004,10.7,79,16.5,77,116.5,120.5,436,205,219,3.5,44,22.5
고성군,2004,25,26.7,2.8,103.4,46.7,101.7,568,444.3,200.3,22.7,33.5,12.2
양양군,2004,25,26.7,1.8,104.4,46.7,99.7,554,460.3,200.1,16.9,39.5,12.2
춘천시,2005,3.7,30.8,17.5,86.5,72.3,160,321.7,340.5,210.5,32.3,48.8,9.6
원주시,2005,2.6,22.8,53.5,79.5,67.7,219.5,363.6,370,290.5,63.7,27.8,9.8
강릉시,2005,32.5,80.3,80.8,39.6,58.7,193.3,218.7,201,557.5,182.4,8.5,0.1
동해시,2005,49,48.3,134.6,30.3,31.5,76.5,239.5,172.8,554.1,90.6,5.5,0.1
태백시,2005,33.5,33.9,68.1,59,53,116,337,191,279,41.5,13.5,0.8
속초시,2005,28.4,52.4,102.5,47.9,122.7,151.2,185.2,246.9,263.9,114.8,32.9,0.4
삼척시,2005,40.3,62.6,72.4,41.9,39,78.2,270,171.1,507,87.2,3.9,0
홍천군,2005,3,55.5,39.3,101.5,67,240,357,486.5,340,73,29,6
횡성군,2005,2.6,22.8,53.5,79.5,67.7,219.5,363.6,370,290.5,63.7,27.8,9.8
영월군,2005,2.9,13.6,48.7,57.5,50.6,146.5,332.6,240.5,273.5,59,16.1,10.6
평창군,2005,50.2,107.4,129.1,53,41.3,235.5,273.5,311.3,537.2,124,16,2.8
정선군,2005,2.9,13.6,48.7,57.5,50.6,146.5,332.6,240.5,273.5,59,16.1,10.6
철원군,2005,3.7,31.8,11.8,92.6,95.9,158,276.2,331.6,236.7,13.3,63.2,8.4
화천군,2005,3.7,31.8,11.8,92.6,95.9,158,276.2,331.6,236.7,13.3,63.2,8.4
양구군,2005,2.3,27.8,18.5,77.2,63.5,176.1,391,371,195,21.5,15,10.5
인제군,2005,10,23.2,29,74,73.5,193,215.5,236,226.5,39.5,42,6.1
고성군,2005,28.4,52.4,102.5,47.9,122.7,151.2,185.2,246.9,263.9,114.8,32.9,0.4
양양군,2005,28.4,52.4,102.5,47.9,122.7,151.2,185.2,246.9,263.9,114.8,32.9,0.4
춘천시,2006,34.2,13.5,18,81,125.8,164,908.2,136.8,19.8,81.5,62,14.6
원주시,2006,30.2,27.1,14.7,79.5,87.6,132,930.2,157.4,21.6,21.5,47.3,11.4
강릉시,2006,42.1,9.7,9.1,103.9,98.6,77.1,757.3,204.1,88.3,341.2,96.7,24.6
동해시,2006,72.2,13.8,12.7,110.9,98.7,45.7,910.7,261.1,179,151.1,77.2,34
태백시,2006,28.9,34.8,9.7,122,126.5,179.5,743,268.5,94.5,72,105,12.4
속초시,2006,37.1,18.3,9.3,90.2,141.7,129,545,109.3,112.4,285.5,84,47.4
삼척시,2006,29.9,20.6,11.3,87.7,89.1,61.1,741.2,295.2,124.8,98.9,119.7,23.1
홍천군,2006,43.6,21.3,15.7,84,176.5,213,1244.5,153,25,62,83.5,18.7
횡성군,2006,30.2,27.1,14.7,79.5,87.6,132,930.2,157.4,21.6,21.5,47.3,11.4
영월군,2006,25.5,30.3,12.1,90.9,103.8,118.1,758.9,52.2,30.5,30.6,41.5,9.7
평창군,2006,38,25.7,22.6,121.8,124.3,118.3,1017.4,177.8,106.5,220.2,118.1,22.2
정선군,2006,25.5,30.3,12.1,90.9,103.8,118.1,758.9,52.2,30.5,30.6,41.5,9.7
철원군,2006,31.8,12,19.7,85.1,139,196.5,638.6,54.5,27.8,61.5,21.6,9.9
화천군,2006,31.8,12,19.7,85.1,139,196.5,638.6,54.5,27.8,61.5,21.6,9.9
양구군,2006,25.8,5.5,14,85.5,62.5,220.5,702.5,89,23,77.5,79,12.8
인제군,2006,32.8,14.7,22.5,97,115,255.5,886,114,29,98.5,59.5,15
고성군,2006,37.1,18.3,9.3,90.2,141.7,129,545,109.3,112.4,285.5,84,47.4
양양군,2006,37.1,18.3,9.3,90.2,141.7,129,545,109.3,112.4,285.5,84,47.4
춘천시,2007,6.3,12,109.3,45.1,138.5,53.9,217.9,446,286.1,26.7,22.3,10.8
원주시,2007,6.5,24.1,133,15.3,139.6,80.1,367.2,403.4,309.1,26.7,47.9,15.3
강릉시,2007,17,19.1,96,44.5,111.5,45.4,311.2,158.9,503.3,73.6,60.6,1.5
동해시,2007,29.8,34.2,157.3,33.1,86.1,79.5,242,153.8,605.5,31.4,58.8,3
태백시,2007,7.4,37.5,193.4,36.5,92,138.5,265,298,386,13.5,21,10
속초시,2007,23.3,7.2,112.6,27.4,102.1,52.3,212.8,206.8,397.8,87.3,33.9,1.2
삼척시,2007,19.9,30.4,145.1,26.3,70.2,102.7,242.9,142.7,456.3,21,36.7,6.3
홍천군,2007,9.4,19,132,37,116,47.5,227.4,383.5,291,16.5,22,6.7
횡성군,2007,6.5,24.1,133,15.3,139.6,80.1,367.2,403.4,309.1,26.7,47.9,15.3
영월군,2007,9.8,31.7,127.7,21.3,130,155,320,565.1,292.7,25,16.4,20.2
평창군,2007,23.4,21.6,107.6,51.7,114.5,66,266.2,242.2,452.8,22.6,24.1,8.4
정선군,2007,9.8,31.7,127.7,21.3,130,155,320,565.1,292.7,25,16.4,20.2
철원군,2007,8.5,5,87.7,61.5,166,105.2,279.8,493,243.2,31.1,14.7,12.7
화천군,2007,8.5,5,87.7,61.5,166,105.2,279.8,493,243.2,31.1,14.7,12.7
양구군,2007,4.5,6.5,88.5,34,143,69,198,616,265,20.5,15,7.5
인제군,2007,6.5,13.5,99.5,37.5,135,53,162.5,375.5,283,20,17.8,11.8
고성군,2007,23.3,7.2,112.6,27.4,102.1,52.3,212.8,206.8,397.8,87.3,33.9,1.2
양양군,2007,23.3,7.2,112.6,27.4,102.1,52.3,212.8,206.8,397.8,87.3,33.9,1.2
춘천시,2008,9.7,5.4,61.6,34,108.2,170.1,597.3,297.5,83.3,28.5,13.6,30.2
원주시,2008,12.7,10.5,68.4,42.9,78.1,100,383.5,160.5,86.6,23.6,15,29.3
강릉시,2008,82.6,0,117.3,34.2,69.3,106.7,322.7,330.6,131.7,43.9,49.1,54.6
동해시,2008,73.3,0.1,100.1,36.1,48.5,90.6,252.1,154.3,65.6,61.3,60.6,35.9
태백시,2008,65.6,2.1,59.4,63,56.1,150.3,264,201.4,47.7,24,10.4,15.5
속초시,2008,71.1,0.6,103.9,13.5,70,91.3,361.6,343.1,129.9,73.5,78.5,78
삼척시,2008,79.8,0.3,76.9,57.9,55.8,99.3,247.9,167.7,71,41.8,28.4,20.8
홍천군,2008,10,6.6,68.6,28.5,96,125.9,466.3,188.7,95.1,30.6,9.1,15
횡성군,2008,12.7,10.5,68.4,42.9,78.1,100,383.5,160.5,86.6,23.6,15,29.3
영월군,2008,15.2,7.6,69.8,24.8,51.7,87.1,285.8,212,71.2,13.6,9.1,28.7
평창군,2008,89.1,5.3,57.6,60.4,91.5,104.9,358.6,181.4,79,31.5,35.7,33.6
정선군,2008,15.2,7.6,69.8,24.8,51.7,87.1,285.8,212,71.2,13.6,9.1,28.7
철원군,2008,6.1,7.7,59.5,37.9,89.3,117.8,650.3,328.4,114.3,34.1,23.6,35.9
화천군,2008,6.1,7.7,59.5,37.9,89.3,117.8,650.3,328.4,114.3,34.1,23.6,35.9
양구군,2008,9.5,7,55.5,25,99,130.5,529.5,325,71.5,29,10.5,22
인제군,2008,11.2,7,72.4,22.8,95.8,88.2,460.2,243,68.6,23.9,17,25.6
고성군,2008,71.1,0.6,103.9,13.5,70,91.3,361.6,343.1,129.9,73.5,78.5,78
양양군,2008,71.1,0.6,103.9,13.5,70,91.3,361.6,343.1,129.9,73.5,78.5,78
춘천시,2009,3.4,31.2,55.4,62,97.9,156.9,627.7,279.4,23.3,41.9,49.4,18.4
원주시,2009,9.3,27.8,57.5,38,111.1,95,602.8,208.8,50,62.5,69.9,26.6
강릉시,2009,24,20.6,70.9,56,43,102.6,405.1,170.2,50.3,31.2,191.6,17.5
동해시,2009,12,18.6,61.2,49.5,58.4,83.1,281.5,120.4,65.9,17.1,152,21.2
태백시,2009,17.9,16.5,57.6,67.6,101.5,104.5,431.2,136.8,73.8,28.4,71.6,32.6
속초시,2009,29,27,83.2,111.2,50.5,181.1,405.2,247.3,20.5,29.8,220.6,14.7
삼척시,2009,10,20,73,47,51,77,284,142,59,15,145,22
홍천군,2009,0.4,31.1,56.6,52.9,95.8,105.6,805.9,273.7,25.5,43,38.1,11.5
횡성군,2009,9.3,27.8,57.5,38,111.1,95,602.8,208.8,50,62.5,69.9,26.6
영월군,2009,11.3,27.9,58.9,37,87.9,97.4,389.7,149,60.8,34.4,44,28.7
평창군,2009,24.6,24.9,97.5,50.4,74.9,105.2,517.8,189.9,33,71.4,120.1,22
정선군,2009,11.3,27.9,58.9,37,87.9,97.4,389.7,149,60.8,34.4,44,28.7
철원군,2009,2.4,49.1,47.9,78.3,99.9,203.1,539.3,432.1,17.5,71.1,34.9,23.5
화천군,2009,2.4,49.1,47.9,78.3,99.9,203.1,539.3,432.1,17.5,71.1,34.9,23.5
양구군,2009,0.5,27.5,46.5,61,82.5,202.5,540,233.5,14,49,43,15
인제군,2009,1.7,22.1,66.7,68.1,92.7,190.5,492.5,334.4,13.6,45,57.1,19.3
고성군,2009,29,27,83.2,111.2,50.5,181.1,405.2,247.3,20.5,29.8,220.6,14.7
양양군,2009,29,27,83.2,111.2,50.5,181.1,405.2,247.3,20.5,29.8,220.6,14.7
춘천시,2010,40.6,35.4,65.8,64.2,106.1,54.9,220.5,468.1,448.5,31.1,13.9,32.3
원주시,2010,40.8,62.1,78.2,58.5,78,86.6,174.8,269.9,550.2,24.7,19.5,18.9
강릉시,2010,35.6,94.7,172.5,28.4,110,34.7,88.5,175.4,271,53.5,12.5,26
동해시,2010,36.1,110.3,128.3,32.8,108.1,18.1,85.4,148.1,291.1,70.3,6.9,13.6
태백시,2010,26.5,57.2,109.5,61.9,99.8,34.8,91,215.2,373,24.5,15.9,12.8
속초시,2010,41.5,113.5,152.1,51.6,149.5,18,92.8,274.4,272,86.5,12,19.7
삼척시,2010,19,105,123,29,118.5,21,111,145.5,265.5,62.5,5.5,10
홍천군,2010,23.5,35.7,56.9,57.5,87.2,59.6,150.2,349.9,412.1,38,22.1,12.8
횡성군,2010,40.8,62.1,78.2,58.5,78,86.6,174.8,269.9,550.2,24.7,19.5,18.9
영월군,2010,58.8,65.5,93.5,56.1,106,80.5,105.4,331.8,385.3,21.9,19.9,16.5
평창군,2010,38.9,68.6,141.6,43,122.6,26.5,115.4,243.7,332.8,32.9,31.2,20.1
정선군,2010,58.8,65.5,93.5,56.1,106,80.5,105.4,331.8,385.3,21.9,19.9,16.5
철원군,2010,29.4,50.8,61.5,51.7,97.7,123.1,347.6,574.7,461.3,23,21.9,24.8
화천군,2010,29.4,50.8,61.5,51.7,97.7,123.1,347.6,574.7,461.3,23,21.9,24.8
양구군,2010,29.5,26.5,57.5,66,104,43.5,23.2,460.5,372,33.5,20,19
인제군,2010,30.5,27.3,63.2,70.6,92.3,27.9,168.1,408.1,384.2,35.6,25.3,21
고성군,2010,41.5,113.5,152.1,51.6,149.5,18,92.8,274.4,272,86.5,12,19.7
양양군,2010,41.5,113.5,152.1,51.6,149.5,18,92.8,274.4,272,86.5,12,19.7
춘천시,2011,5.3,34.5,12.7,116.6,119.5,459.6,932.5,161.1,64.5,23.6,82.8,16.6
원주시,2011,11,42.4,38.5,163.1,109.1,364.8,882,369.8,96.7,44.6,55,11
강릉시,2011,13,144,26.5,133,88,343,318.2,121.2,320.9,64.8,132.9,105
동해시,2011,22.1,180.3,42.3,93.6,104.5,333.3,292.8,124.5,231,67,174.3,100
태백시,2011,2,75,33.3,123.6,198.5,498.2,389.7,251.2,221.8,76.5,82.7,20.5
속초시,2011,12,105.6,20.4,115.7,65.3,341.5,412.1,140.3,190.1,22.1,131.3,99.7
삼척시,2011,19.5,198.5,41,78,97,339,232.5,105,227,75.5,166.5,88
홍천군,2011,1.5,34.6,18,141.3,74.5,346.1,694.5,189.1,51.4,31,48.2,9.4
횡성군,2011,11,42.4,38.5,163.1,109.1,364.8,882,369.8,96.7,44.6,55,11
영월군,2011,4.2,54.8,40.3,164.5,114.4,435.5,581,386.5,187.4,46.5,58.4,12.2
평창군,2011,11.5,87.2,26.7,152.8,125,390.5,436.3,155.7,183,63.7,83.3,46.4
정선군,2011,1,56,32.9,186,96.5,464.6,690.7,99,88.1,18.7,21.2,6.7
철원군,2011,8.1,26.3,12.7,86.7,102.1,299.5,738.5,200,41,29.9,100.4,11.1
화천군,2011,8.1,26.3,12.7,86.7,102.1,299.5,738.5,200,41,29.9,100.4,11.1
양구군,2011,5.1,29.7,3.1,106.8,90,328.7,699.8,131.3,55.4,19.7,63.6,9.9
인제군,2011,1.5,37.1,15.8,141.6,126.9,406.5,793,99.7,62.9,23.2,59.3,11
고성군,2011,12,105.6,20.4,115.7,65.3,341.5,412.1,140.3,190.1,22.1,131.3,99.7
양양군,2011,12,105.6,20.4,115.7,65.3,341.5,412.1,140.3,190.1,22.1,131.3,99.7
춘천시,2012,6.9,1.7,38.6,148.5,42.6,116.4,285.9,352.7,146,76.3,59.3,49.4
원주시,2012,10.5,2.1,50.9,125.1,27.7,70.5,449.6,338.1,156.1,53.1,44.5,50.3
강릉시,2012,39,23.1,126.7,126.5,52.7,26.8,261.2,295.3,290.7,10.6,25.6,43.2
동해시,2012,37.7,18.8,108.8,96.2,38.9,28.4,287,233.6,209.8,14.5,18.9,30.7
태백시,2012,30.4,0.9,65.7,125.6,74.8,49.6,386,417.1,258.5,39.7,30.3,44.8
속초시,2012,24.2,22.7,85.3,133,46.1,76.2,244.3,212.5,233.5,25.6,70.1,44.2
삼척시,2012,29.5,21.5,152,92,47.5,31.5,282,285.5,309,14.5,17.5,43.5
홍천군,2012,4.1,0.2,37.9,136.6,43.1,62.6,279.4,397.9,161,65.3,51.9,37.8
횡성군,2012,10.5,2.1,50.9,125.1,27.7,70.5,449.6,338.1,156.1,53.1,44.5,50.3
영월군,2012,10.3,0.7,67,100.5,42.9,146,323.3,355.8,202.6,49,42,58.7
평창군,2012,27.6,7.8,82.8,129.1,59.8,104.8,269.2,325.5,161.5,26.7,34.7,59.2
정선군,2012,12.4,0.9,54,90.5,39.2,70.5,304.1,278.8,154.8,45.2,36.3,47.8
철원군,2012,7.4,1.8,33.4,146.5,24.3,108.7,227.7,466.7,114.1,83.3,63.8,40
화천군,2012,7.4,1.8,33.4,146.5,24.3,108.7,227.7,466.7,114.1,83.3,63.8,40
양구군,2012,2,1,18.6,116.2,25.4,84.7,203.5,271.9,126.4,66.1,57.1,23.5
인제군,2012,4.6,0.5,27.6,122.5,21.1,71.7,230.3,261.8,126.2,60.6,53,43.7
고성군,2012,24.2,22.7,85.3,133,46.1,76.2,244.3,212.5,233.5,25.6,70.1,44.2
양양군,2012,24.2,22.7,85.3,133,46.1,76.2,244.3,212.5,233.5,25.6,70.1,44.2
춘천시,2013,33.3,60.6,35.5,69.1,109.8,71.1,871.3,214.1,172.1,7.9,62.3,31.8
원주시,2013,20.4,41.8,49.1,82,82.6,199.2,642.2,153.5,138.3,12.8,48.7,30.5
강릉시,2013,54.6,13.6,81.8,58,78.7,36,241.9,54.6,135.5,130.8,9.8,26.4
동해시,2013,68.4,22,74.1,53.8,85.8,55.6,202,63.4,181.7,131.9,4,21.5
태백시,2013,28.1,29.5,54.8,72.6,106.3,112.6,212.9,34.6,138.6,69.7,48.1,14.6
속초시,2013,77.3,16.1,66.2,49,80.1,32,292.7,174.6,175.3,66.4,23.3,62.7
삼척시,2013,63.5,19,80.5,57.5,70,62,204,70,173,165,7,29
홍천군,2013,24.8,47.6,38.5,58.2,94.6,85,637.6,105.5,132.5,9,54.2,15.2
횡성군,2013,20.4,41.8,49.1,82,82.6,199.2,642.2,153.5,138.3,12.8,48.7,30.5
영월군,2013,25,54.5,44.6,75.5,112.1,158.2,414.7,134.7,144.9,12.5,43.5,18.1
평창군,2013,47.9,37.1,55.5,46.9,82.8,83.8,392,51.6,122.5,54.5,44.2,33.5
정선군,2013,31,48,58,79.5,100,83.2,522.5,82.3,146.9,16.7,59.5,23.6
철원군,2013,19.1,53.9,24,64.6,84.6,23.3,1009.2,208.7,153.4,20.7,73.3,24.1
화천군,2013,19.1,53.9,24,64.6,84.6,23.3,1009.2,208.7,153.4,20.7,73.3,24.1
양구군,2013,15,41,31.2,43.1,69.3,63.1,729.5,167.9,132.6,13.5,53.1,23.4
인제군,2013,13.9,40.2,43.2,57.8,74,96.7,633.8,141.9,139.5,17,48.3,25.8
고성군,2013,77.3,16.1,66.2,49,80.1,32,292.7,174.6,175.3,66.4,23.3,62.7
양양군,2013,77.3,16.1,66.2,49,80.1,32,292.7,174.6,175.3,66.4,23.3,62.7
춘천시,2014,10.4,19.1,6.8,25.5,66.6,64,117.3,169.9,88.7,60.4,28.6,17.1
원주시,2014,15.4,32.2,17.6,47.6,35.2,40.1,117.8,258.2,79.7,116.8,21.5,19
강릉시,2014,44.6,211.8,54.9,175.1,9.9,54.7,116.4,312.7,190.9,110.1,80.5,0
동해시,2014,63,147.4,47.6,247.5,7,48.9,66.2,382.4,149.2,154.7,97.2,0
태백시,2014,5.8,29.1,50.7,104.3,28,152.9,87.6,333.3,168.7,176.9,29.1,4.5
속초시,2014,29.3,168.2,40.4,98.8,25,41.9,126.9,296.1,181,39.6,51.6,0.2
삼척시,2014,0,0,0,0,0,0,0,0,0,0,0,0
홍천군,2014,5,13,9.3,33.1,45.5,58.2,182.8,164.1,103.6,54.3,23.6,11
횡성군,2014,15.4,32.2,17.6,47.6,35.2,40.1,117.8,258.2,79.7,116.8,21.5,19
영월군,2014,10,14.8,31.1,36.5,34.3,76.8,86.5,258.5,152.9,136.7,23.7,14.7
평창군,2014,35,96.7,45,142.7,29.3,88.6,146.8,350.7,139,182.3,41.4,11.7
정선군,2014,0,0,0,0,0,0,0,0,0,0,0,0
철원군,2014,12.7,18,7.1,14,81.6,75.6,186.7,105,73,55.4,42.2,13.1
화천군,2014,12.7,18,7.1,14,81.6,75.6,186.7,105,73,55.4,42.2,13.1
양구군,2014,0,0,0,0,0,0,0,0,0,0,0,0
인제군,2014,9.5,18,15.8,35,49,63.3,106.9,177.1,132.5,64.1,23.9,10.1
고성군,2014,29.3,168.2,40.4,98.8,25,41.9,126.9,296.1,181,39.6,51.6,0.2
양양군,2014,29.3,168.2,40.4,98.8,25,41.9,126.9,296.1,181,39.6,51.6,0.2
춘천시,2015,18.2,27.3,13.5,106.7,34.7,46.8,233.6,46.8,4.8,61,142.1,22.3
원주시,2015,16.8,16.8,23,106.6,32,177,196.3,101.5,36.6,56,111.4,29.8
강릉시,2015,22.8,17.6,20.5,67.7,3.6,170.3,60.8,177,52.6,23.2,394.5,6.9
동해시,2015,24.1,8.9,21.6,61.3,2.9,143.7,80.3,150.1,133,20,259,6.3
태백시,2015,15.8,9.1,23.6,69.3,29,135.2,167.6,168.5,39.1,48.5,159.2,17.9
속초시,2015,8.7,32.1,8,74.2,9.2,127.7,163.1,198.6,13.5,27.4,463.5,1.7
삼척시,2015,17,7.5,19,58.5,0.5,143,98,180,163,25,294.5,4.5
홍천군,2015,7.6,12,11,97,31,51.7,198.6,114.6,42.5,41.1,116.8,16.1
횡성군,2015,16.8,16.8,23,106.6,32,177,196.3,101.5,36.6,56,111.4,29.8
영월군,2015,13.3,16.5,24.9,60.7,19.2,78.5,206.5,67.3,20.3,53.9,88,26.9
평창군,2015,21.4,19.9,21.5,62.7,13,88.2,135.6,308.2,65.7,35.5,194.7,15.5
정선군,2015,14.8,16,25.7,74.4,29.4,72.2,145.1,123.7,17.8,45,134,26.5
철원군,2015,17,24,7.8,98.3,35.8,79.6,458,140.6,32.7,64,111.5,25.6
화천군,2015,17,24,7.8,98.3,35.8,79.6,458,140.6,32.7,64,111.5,25.6
양구군,2015,10.5,24.5,11.5,85,35.5,67,269.5,73.5,15,71,147,24
인제군,2015,10.6,18.2,12.1,80.5,23.7,43.9,236.2,118.8,27.5,52.5,113.1,18.6
고성군,2015,8.7,32.1,8,74.2,9.2,127.7,163.1,198.6,13.5,27.4,463.5,1.7
양양군,2015,8.7,32.1,8,74.2,9.2,127.7,163.1,198.6,13.5,27.4,463.5,1.7
춘천시,2016,4,54.8,49.6,98,109.1,93.2,617.1,33.2,76.2,108.2,14.9,79.1
원주시,2016,1.6,45.8,36.5,71.5,87.4,35.8,360.1,49.4,47.1,81.4,24.3,33.7
강릉시,2016,24.7,45.7,29.6,70.4,34.1,64.4,377.1,259.4,93.8,82.2,32.6,90.2
동해시,2016,12.4,55,27.7,60.8,24.8,22.9,307.5,137,105.6,76.3,44.3,50.2
태백시,2016,8.9,28.9,35.2,116.6,60,41.8,439.2,106.1,149.2,82.9,10.2,62.4
속초시,2016,6.6,38.3,31.8,77.5,35.7,62.2,477.8,186.9,126,128.5,40.8,121.7
삼척시,2016,14,44,30.5,55,24.5,31,319,203,101.5,49.5,20,70.5
홍천군,2016,1,35.4,39.7,76,98.6,54.5,429.4,38.5,61.4,69.6,9.9,54.8
횡성군,2016,1.6,45.8,36.5,71.5,87.4,35.8,360.1,49.4,47.1,81.4,24.3,33.7
영월군,2016,3.4,54.5,211.1,83.4,51.6,46.4,360.6,107.5,45.7,95.3,19.8,51.1
평창군,2016,2.6,39,18.4,84.5,46.8,64.3,421.3,260.4,102.1,78.3,13.3,53
정선군,2016,1,66,30.6,93.5,61.6,52.7,457.8,121,106.8,102.3,12.5,68.4
철원군,2016,9,54.1,45.2,88.8,149.9,27.1,460.5,63.7,32.2,173.1,15.6,69.8
화천군,2016,9,54.1,45.2,88.8,149.9,27.1,460.5,63.7,32.2,173.1,15.6,69.8
양구군,2016,0,49.5,46,107.5,108.5,51,461,81,62.5,92,18,69.5
인제군,2016,3,41.3,41.3,93.2,88.3,51.8,546.5,96,46.3,107.1,16,57.6
고성군,2016,6.6,38.3,31.8,77.5,35.7,62.2,477.8,186.9,126,128.5,40.8,121.7
양양군,2016,6.6,38.3,31.8,77.5,35.7,62.2,477.8,186.9,126,128.5,40.8,121.7
춘천시,2017,15.1,13,15.9,56.5,22,88.9,530.4,343.1,32.2,50,23.1,27
원주시,2017,16.2,17.5,22.7,38.1,30.1,73.7,505.6,273.6,16,15.9,35.2,19
강릉시,2017,48.5,3.5,48.5,39.8,25,27.2,238.1,444.1,45.7,114.5,41.5,5.5
동해시,2017,34.9,5.7,40.8,45.1,17.9,61.7,178.9,402.4,38.3,124.8,31.2,4
태백시,2017,6.7,12.7,10.2,73.5,14.4,122.1,313.6,254.2,65.7,41.1,14.7,4.9
속초시,2017,82.4,3.2,48.7,46.8,25.2,69.7,270.3,424.9,50.5,135.4,41.2,9.9
삼척시,2017,27,9.5,33,59,19,51,206.5,306.5,51,78.5,21,4
홍천군,2017,10.5,7.8,18.8,48.6,22.8,41.3,578.4,326.1,50.4,40,27.3,20.2
횡성군,2017,16.2,17.5,22.7,38.1,30.1,73.7,505.6,273.6,16,15.9,35.2,19
영월군,2017,14.7,28.9,24.1,71.4,21.5,55,402.1,272.8,32.8,22,27.9,22.9
평창군,2017,22.3,7.2,17.8,61.1,31.6,73,355.4,293.3,69.3,53.3,32.4,8.6
정선군,2017,15.8,25.5,23.6,74,30.5,72.9,385.8,248,27.7,28,27.6,13.1
철원군,2017,14.5,9.8,21.5,63.6,36,74.2,575.2,354.9,26.6,10.8,33.5,12.8
화천군,2017,14.5,9.8,21.5,63.6,36,74.2,575.2,354.9,26.6,10.8,33.5,12.8
양구군,2017,3,9.5,16.5,60,25,425,523,416.5,34.5,30.5,22,10.5
인제군,2017,11.4,11,25.4,59.5,33.1,105.5,524,299.6,51,40.6,28.2,20
고성군,2017,82.4,3.2,48.7,46.8,25.2,69.7,270.3,424.9,50.5,135.4,41.2,9.9
양양군,2017,82.4,3.2,48.7,46.8,25.2,69.7,270.3,424.9,50.5,135.4,41.2,9.9
춘천시,2018,5.9,36.5,32.8,139.5,201.9,104.1,213.6,389.5,69.9,127.5,63.5,16.8
원주시,2018,4.4,27.4,53.6,112.6,211.3,131.8,122.5,258.2,147.6,89.5,45,25.3
강릉시,2018,2.5,52,94,151.4,162.9,38.6,195.5,419.1,161.2,248,51.3,22.9
동해시,2018,4.4,53.4,95.4,131.8,63.6,36.6,286,219.8,205.6,273.2,44.5,22.2
태백시,2018,7.7,30.2,100.6,128.9,138.1,58.1,251.8,270,180.8,239.1,60.8,23.2
속초시,2018,3.9,54.4,55,141.7,123.6,46.5,185.4,625,66.1,257.6,207.4,10.4
삼척시,2018,5,43,87.5,134.5,69,57.5,375.5,174.5,235,332.5,47,23
홍천군,2018,3.7,24.6,42.8,143.8,268.6,101.4,204.5,300.6,77,110,55.5,16.1
횡성군,2018,4.3,43.2,72.9,128.7,203,83.5,228,542.6,195.4,158.4,50.4,21
영월군,2018,11.3,22.4,56.5,116.5,135.9,84,238.1,316.8,165,119.1,58.3,36.9
평창군,2018,4.3,43.2,72.9,128.7,203,83.5,228,542.6,195.4,158.4,50.4,21
정선군,2018,8,26.5,67.5,141,165.6,98.2,269.2,261.8,163.6,123.6,66,29.9
철원군,2018,7.9,14.4,33.6,139.4,263.1,122.3,174.2,527,55.4,74.8,60.2,8.3
화천군,2018,7.9,14.4,33.6,139.4,263.1,122.3,174.2,527,55.4,74.8,60.2,8.3
양구군,2018,1,27.5,16.5,112,170,78,222.5,307,76.5,104.5,73,10.5
인제군,2018,6.2,14.7,31,127.2,180,71.3,278.5,266.5,66.6,107.7,45.6,19
고성군,2018,3.9,54.4,55,141.7,123.6,46.5,185.4,625,66.1,257.6,207.4,10.4
양양군,2018,3.9,54.4,55,141.7,123.6,46.5,185.4,625,66.1,257.6,207.4,10.4
춘천시,2019,1.3,29,38.7,49.4,27.1,76.4,238.6,192.3,142.6,50.3,63.1,14.4
원주시,2019,0.7,25.4,42.8,45.7,10.4,67.9,137.1,142.4,171.1,40.3,74,14.1
강릉시,2019,16.6,17.7,49.6,85.5,4.5,132.2,220.8,264.5,233.3,536,104.7,5.1
동해시,2019,14.3,15.4,51.5,102.6,3.3,125.4,191.4,149.9,255.6,512.5,102.1,8.8
태백시,2019,4.1,15.1,41,61,24.2,132.6,215.1,197.5,256.9,152.8,67,2.5
속초시,2019,4.1,15.1,41,61,24.2,132.6,215.1,197.5,256.9,152.8,67,2.5
삼척시,2019,9.2,15.3,46.3,81.8,13.8,129,203.3,173.7,256.3,332.7,84.6,5.7
홍천군,2019,0,20,38.5,58.1,15,65.6,198.6,215.1,136.7,57,56.9,9.9
횡성군,2019,0.7,25.4,42.8,45.7,10.4,67.9,137.1,142.4,171.1,40.3,74,14.1
영월군,2019,0.7,34.3,42.5,56.7,20.9,126.9,128.7,118.4,127.5,98.9,56.7,18.2
평창군,2019,0.5,16.7,48.5,59.9,5.6,168.5,183.8,205.8,251.5,176.9,78.4,2.4
정선군,2019,0.8,30,57,59,18.5,88.2,128.5,90.2,190.6,71,57.5,7.6
철원군,2019,0,20.6,23.3,28,26.4,57.1,305.3,156.9,199.1,30.8,53,20
화천군,2019,0,20.6,23.3,28,26.4,57.1,305.3,156.9,199.1,30.8,53,20
양구군,2019,0,24.3,29.3,36,19.5,77.1,221.9,152,187.4,38.5,50.1,14.1
인제군,2019,0,28,35.2,43.9,12.5,97,138.4,147.1,175.7,46.2,47.1,8.2
고성군,2019,4.1,15.1,41,61,24.2,132.6,215.1,197.5,256.9,152.8,67,2.5
양양군,2019,4.1,15.1,41,61,24.2,132.6,215.1,197.5,256.9,152.8,67,2.5
